Word,Frequency
casino,74
slots,71
word,66
solitaire,64
racing,46
world,45
puzzle,44
d,43
simulator,41
quiz,41
slot,33
soccer,30
music,30
vegas,28
bingo,28
fun,26
play,26
piano,25
trivia,24
battle,24
kids,24
mobile,22
real,21
city,21
classic,21
poker,21
brain,21
card,20
magic,20
rpg,19
block,19
war,19
clash,19
baby,18
shooter,18
puzzles,18
heroes,18
machines,17
car,17
color,17
adventure,17
idle,17
ball,17
hero,17
star,16
legends,16
multiplayer,16
town,16
offline,15
story,15
run,15
school,15
pandas,15
words,15
search,15
beat,15
virtual,15
survival,15
strategy,14
castle,14
saga,14
machine,14
dash,14
football,14
guess,14
shooting,13
zombie,13
texas,13
little,13
stickman,13
ludo,13
chess,13
farm,12
crush,12
epic,12
rush,12
super,12
wars,12
number,12
empire,12
match,12
line,12
pet,12
tycoon,12
tap,12
house,12
king,12
build,12
island,11
dead,11
tiles,11
life,11
live,11
board,11
bubble,11
angry,11
adventures,10
arena,10
test,10
logo,10
defense,10
friends,10
coloring,10
holdem,10
birds,10
rhythm,10
best,10
fire,9
race,9
top,9
royale,9
mini,9
cooking,9
escape,9
monster,9
drift,9
family,9
hidden,9
princess,9
love,9
kings,9
girls,9
truck,9
jackpot,9
dance,9
dress,9
rope,9
dice,9
driving,9
stars,9
fps,9
win,9
draw,8
basketball,8
vs,8
pvp,8
okey,8
bus,8
blast,8
age,8
party,8
league,8
talking,8
moto,8
spider,8
manager,7
dream,7
train,7
lite,7
ninja,7
tower,7
stories,7
happy,7
fashion,7
hunter,7
ultimate,7
gun,7
dragon,7
domino,7
go,7
panda,7
mystery,7
master,7
money,7
hotel,7
clicker,7
evolution,7
shop,7
one,7
de,7
animal,7
candy,7
home,7
quest,7
ice,7
hit,7
craft,7
strike,7
learn,6
mahjong,6
rummy,6
girl,6
traffic,6
golf,6
cricket,6
fishing,6
pop,6
cat,6
action,6
modern,6
day,6
cut,6
racer,6
park,6
mania,6
sim,6
big,6
crack,6
speed,6
connect,6
tricky,6
legend,6
tom,6
cash,6
zombies,6
sudoku,6
grand,5
shadow,5
backgammon,5
inc,5
patti,5
crazy,5
v,5
building,5
salon,5
fight,5
sports,5
club,5
zingplay,5
guild,5
empires,5
crossword,5
lost,5
blackjack,5
disney,5
time,5
fish,5
edm,5
restaurant,5
galaxy,5
bike,5
rock,5
challenge,5
attack,5
geometry,5
show,5
blitz,5
math,5
mmorpg,5
drive,5
lords,5
sonic,5
walking,5
journey,5
sky,5
learning,5
pool,5
care,5
fantasy,5
tour,5
teen,4
head,4
tennis,4
z,4
paint,4
force,4
moy,4
lets,4
book,4
stick,4
hop,4
kitchen,4
spin,4
us,4
season,4
tank,4
sea,4
high,4
doodle,4
tripeaks,4
superstar,4
table,4
rescue,4
carrom,4
titans,4
conquest,4
boom,4
supermarket,4
rally,4
makeover,4
makeup,4
frozen,4
animals,4
rider,4
art,4
final,4
die,4
village,4
design,4
dr,4
plants,4
song,4
champions,4
squad,4
rise,4
last,4
space,4
kingdom,4
dummy,4
fortune,4
extreme,4
asphalt,4
jungle,4
minecraft,4
zoo,4
spades,4
order,4
app,4
road,4
indian,4
turbo,4
chaos,4
picture,4
dragons,4
scratch,4
pubg,4
cards,4
garena,4
smart,3
fighting,3
battles,3
lucky,3
las,3
coin,3
make,3
bang,3
pixel,3
cats,3
cross,3
dont,3
diamond,3
bear,3
masha,3
ln,3
tin,3
flags,3
pics,3
cafe,3
truco,3
land,3
lego,3
csr,3
mine,3
manor,3
prison,3
wild,3
harvest,3
army,3
trigger,3
old,3
commando,3
logic,3
flip,3
drag,3
earn,3
beach,3
seven,3
shoot,3
garden,3
street,3
challenging,3
link,3
gacha,3
mega,3
ops,3
merge,3
riddle,3
gratis,3
toy,3
indonesia,3
deluxe,3
mmo,3
deadly,3
matching,3
millionaire,3
badminton,3
x,3
archery,3
bowling,3
kiss,3
paradise,3
qiuqiu,3
dominoes,3
ladders,3
snakes,3
knight,3
songs,3
highway,3
carx,3
cars,3
management,3
kingdoms,3
pokmon,3
wwe,3
builder,3
unicorn,3
educational,3
jam,3
revolution,3
stupid,3
fever,3
fruit,3
guitar,3
drum,3
teacher,3
toddlers,3
murder,3
case,3
summer,3
roller,3
royal,3
boy,3
sweet,3
smash,3
runner,3
cookie,3
jigsaw,3
beauty,3
sandbox,3
offroad,3
horror,3
two,3
arms,3
jurassic,3
endless,3
player,3
leps,3
potter,3
harry,3
objects,3
dancing,3
idol,3
among,3
sniper,3
climb,3
hill,3
episode,3
hello,3
riddles,3
transformers,3
rich,3
snack,3
crime,3
gold,3
cruise,2
series,2
charades,2
palabras,2
earth,2
deer,2
kick,2
unblock,2
gems,2
full,2
wizard,2
belote,2
collection,2
shot,2
hot,2
video,2
boyaa,2
hand,2
governor,2
prizes,2
infinity,2
m,2
golden,2
bakery,2
medieval,2
flight,2
driver,2
motocross,2
skills,2
evolved,2
scary,2
max,2
shark,2
food,2
airport,2
stack,2
miner,2
tiny,2
secret,2
brave,2
knights,2
bananas,2
benji,2
smasher,2
hospital,2
colors,2
trip,2
jewels,2
pets,2
phone,2
hair,2
urban,2
join,2
paperio,2
tales,2
will,2
hook,2
cute,2
double,2
origins,2
throne,2
decorate,2
bini,2
training,2
cartoon,2
rts,2
marvel,2
camp,2
guru,2
stylist,2
piece,2
meow,2
cream,2
policeman,2
hungry,2
subway,2
skater,2
diving,2
treasure,2
alien,2
trial,2
granny,2
cytus,2
drums,2
set,2
station,2
police,2
disc,2
heavy,2
brown,2
shelter,2
plague,2
choose,2
freeplay,2
criminal,2
duplo,2
pepi,2
playhouse,2
skating,2
guardian,2
desert,2
pocket,2
bullet,2
anime,2
songpop,2
running,2
parking,2
xtreme,2
rival,2
bmx,2
frontier,2
trials,2
jump,2
audition,2
au,2
ii,2
studio,2
masters,2
business,2
elite,2
sims,2
knife,2
touch,2
checkers,2
anak,2
jogatina,2
destruction,2
championship,2
ea,2
pes,2
score,2
factory,2
vector,2
toca,2
farming,2
fanatical,2
winner,2
cup,2
touchgrind,2
layang,2
soul,2
bob,2
gangster,2
wrestling,2
billiards,2
military,2
monopoly,2
transport,2
cow,2
domination,2
capsa,2
gaple,2
social,2
triple,2
tile,2
buddies,2
warriors,2
pizza,2
good,2
twist,2
style,2
mall,2
shopping,2
chef,2
create,2
bts,2
bubbu,2
tebak,2
vip,2
showdown,2
snake,2
warfare,2
td,2
pawn,2
storage,2
bid,2
collect,2
clans,2
robbery,2
emulator,2
co,2
t,2
c,2
boxing,2
mario,2
kiukiu,2
solo,2
now,2
dawn,2
jumper,2
festival,2
dungeon,2
soda,2
worlds,2
avatar,2
band,2
mp,2
kit,2
muse,2
tapped,2
simpsons,2
jewel,2
mind,2
qiu,2
photo,2
horse,2
pony,2
pirate,2
dare,2
truth,2
android,2
usa,2
duel,2
four,2
critical,2
genius,2
frontline,2
ways,2
york,2
evo,2
ahead,2
nitro,2
fast,2
buggy,2
motorcycle,2
wolf,2
dumb,2
tuber,2
country,2
farmville,2
witch,2
fall,2
mansion,2
limits,2
maze,2
survivors,2
water,2
survivor,2
bridge,2
taxi,2
wheel,2
room,2
brand,2
geography,2
know,2
categories,2
think,2
black,2
storm,2
n,2
cartas,2
fairway,2
toon,2
sabes,2
gaming,2
teasers,2
la,2
tts,2
gods,2
injustice,2
crash,2
serve,2
gin,2
forces,2
bible,2
batak,2
crosswords,2
teka,2
mortal,2
era,2
dozer,2
heat,2
durak,2
legacy,2
slug,2
find,2
energy,2
tsum,2
wood,2
stuff,2
monsters,2
singing,2
piknik,2
duty,2
call,2
killer,2
temple,2
wort,2
silang,2
teki,2
klondike,2
myvegas,2
crossy,2
kong,2
fotos,2
pinturillo,1
brawl,1
spurned,1
burned,1
sz,1
surf,1
wordwhizzle,1
evil,1
apples,1
humanity,1
gezmece,1
kelime,1
stop,1
wifi,1
sin,1
palabrasjuego,1
aplasta,1
wordington,1
heads,1
yard,1
stacks,1
cruz,1
fillthewords,1
parola,1
immagini,1
unscramble,1
southern,1
showtime,1
tcg,1
phase,1
descarte,1
eredan,1
etalat,1
remi,1
scrolls,1
elder,1
reigns,1
grtis,1
jogo,1
zdrapki,1
zote,1
polskie,1
dh,1
caesars,1
doubleu,1
huuuge,1
rewards,1
scatter,1
sweepstakes,1
octro,1
slotomania,1
zynga,1
abattle,1
ishtaria,1
battletcg,1
agents,1
spirit,1
otogi,1
pokeronline,1
luxy,1
hoyeah,1
oz,1
frenzy,1
belotecom,1
spirits,1
susun,1
mango,1
microsoft,1
italian,1
scopa,1
qiuqiudomino,1
topfun,1
freecell,1
rummycircle,1
tongits,1
quick,1
gamee,1
billionaire,1
slotpoker,1
bonuses,1
nam,1
min,1
lotsa,1
way,1
pharaohs,1
gsn,1
konami,1
heart,1
cashman,1
doubledown,1
willy,1
bonus,1
utp,1
gaminator,1
pokerist,1
omaha,1
canasta,1
buraco,1
baloot,1
tarneeb,1
trix,1
jawaker,1
duels,1
witcher,1
competitive,1
goexciting,1
bi,1
gwent,1
juego,1
mejor,1
el,1
conquian,1
deck,1
runeterra,1
blyts,1
cng,1
alisa,1
slotpark,1
pmang,1
roulette,1
fortunes,1
wonka,1
angela,1
cashhit,1
uno,1
pyramid,1
wsop,1
hearthstone,1
links,1
yugioh,1
lotto,1
blaze,1
omg,1
lightning,1
downtown,1
gamesfree,1
winning,1
holiday,1
qq,1
onlinedomino,1
neoclassic,1
extra,1
onet,1
community,1
largest,1
praia,1
township,1
homescapes,1
official,1
despicable,1
minion,1
gardenscapes,1
pou,1
hay,1
hank,1
digger,1
blossom,1
seaside,1
loto,1
adults,1
dirty,1
lichess,1
bet,1
parchs,1
loco,1
pewdiepies,1
fiends,1
dreams,1
manage,1
gomoku,1
great,1
green,1
dolphin,1
smurfs,1
save,1
einsteins,1
titan,1
onlinekoin,1
numberzilla,1
fleet,1
rummikub,1
reversi,1
puppy,1
boo,1
pear,1
papa,1
dan,1
qiuqiufree,1
topfundomino,1
pair,1
onnect,1
mynet,1
travelling,1
yahtzee,1
lord,1
ludochatroom,1
talent,1
colorscapes,1
arks,1
safari,1
stampede,1
rodeo,1
kitty,1
ludodomino,1
yalla,1
global,1
risk,1
narde,1
gapledomino,1
woody,1
furby,1
wonder,1
families,1
covet,1
pottery,1
phu,1
ty,1
ph,1
landlord,1
pinball,1
rento,1
tours,1
dominos,1
toe,1
tac,1
tic,1
featuring,1
bash,1
sightseeing,1
chatting,1
bottle,1
blockbuild,1
making,1
nail,1
parchisi,1
yzbir,1
nyan,1
bouncemasters,1
forms,1
evolve,1
human,1
sausage,1
cellar,1
bravoloto,1
wildscapes,1
hip,1
ballet,1
happyfish,1
experiment,1
investing,1
daddy,1
crusher,1
year,1
wash,1
smolsies,1
stores,1
divide,1
multiply,1
subtract,1
add,1
pages,1
mandala,1
skillz,1
doll,1
cook,1
mama,1
chinese,1
acres,1
luv,1
fluff,1
fluvsies,1
slendrinathe,1
stairs,1
infinite,1
duet,1
claw,1
prize,1
bbtan,1
falcon,1
galactic,1
legs,1
long,1
multiplication,1
bricks,1
libre,1
launcha,1
bison,1
burrito,1
gba,1
fernanfloo,1
bump,1
subzero,1
whale,1
discover,1
hilarious,1
prankster,1
disturb,1
recipes,1
maker,1
cone,1
snow,1
tailor,1
styling,1
trucks,1
contest,1
amusement,1
christmas,1
carnival,1
preschool,1
abc,1
reaction,1
bars,1
exercises,1
mentalup,1
ng,1
tip,1
giao,1
vng,1
anh,1
ting,1
hc,1
bucha,1
glitter,1
hairstyle,1
drawing,1
minigames,1
moonzy,1
memory,1
numbers,1
foods,1
cleanup,1
caf,1
cinderella,1
spa,1
queens,1
lokicraft,1
switch,1
chapter,1
servers,1
mcpe,1
pe,1
pacman,1
platformer,1
ovenbreak,1
platforms,1
php,1
fascinating,1
professions,1
airplane,1
air,1
rail,1
roadkill,1
holeio,1
partymasters,1
ant,1
central,1
linduo,1
halloween,1
babies,1
mixing,1
grandparents,1
messy,1
brothers,1
crowd,1
seasons,1
meltdown,1
hockey,1
glow,1
vacation,1
books,1
childrens,1
fairy,1
neighborhood,1
sunny,1
baking,1
years,1
funny,1
night,1
bunny,1
planetcraft,1
blockman,1
chefs,1
madness,1
red,1
dragonflight,1
joyride,1
jetpack,1
deemo,1
tabs,1
chords,1
keyboard,1
hatch,1
kpopsies,1
payback,1
futurama,1
cases,1
homicide,1
ooo,1
cleaner,1
nobodies,1
friendzoned,1
multicraft,1
labyrinth,1
ballz,1
beats,1
slash,1
sounds,1
tsunami,1
surfers,1
dinos,1
unipad,1
nhy,1
vtc,1
voez,1
controller,1
helix,1
musicpop,1
give,1
enhypen,1
txt,1
hive,1
dot,1
smtown,1
musik,1
dinosaurs,1
tomorrow,1
lagu,1
marshmello,1
ixine,1
superhero,1
animatronics,1
object,1
chat,1
revelation,1
transylvania,1
chaser,1
lyrics,1
forget,1
bop,1
killah,1
lit,1
instrument,1
feat,1
pink,1
gunshots,1
project,1
voice,1
yasuhati,1
chun,1
blade,1
dynamix,1
opsubeatmap,1
yg,1
pianotiles,1
industry,1
popscene,1
ayodance,1
harmony,1
jelly,1
sudokucom,1
matchington,1
wheres,1
pass,1
fishdom,1
melody,1
dalam,1
berpacu,1
dynamic,1
lanota,1
detector,1
vocal,1
prix,1
tapsonic,1
harmonium,1
piggies,1
bad,1
titanic,1
flow,1
slide,1
blockstarplanet,1
bay,1
pacific,1
castaway,1
mission,1
tinker,1
tfa,1
clumsy,1
ranch,1
westboundperils,1
roll,1
bubbles,1
thought,1
inside,1
mouse,1
jigty,1
loop,1
rooms,1
alchemy,1
treasures,1
saviors,1
dots,1
glass,1
vk,1
indy,1
lilys,1
travel,1
marble,1
matches,1
warrior,1
albion,1
mirrors,1
child,1
unite,1
wizards,1
shipwreckedcastaway,1
kylie,1
kendall,1
mazes,1
spy,1
mr,1
balls,1
monsterbusters,1
loops,1
stress,1
anti,1
lands,1
gemmy,1
charm,1
cities,1
restore,1
drop,1
gummy,1
nonogramcom,1
dig,1
experiments,1
hexa,1
easy,1
spells,1
pull,1
pin,1
loot,1
pixwords,1
gambar,1
solve,1
asolver,1
level,1
slugterra,1
memes,1
face,1
troll,1
emoji,1
detective,1
differences,1
physics,1
conquer,1
part,1
delete,1
dop,1
blockudoku,1
boombe,1
piggy,1
neighbor,1
ghost,1
crafting,1
robotsindisguise,1
west,1
westland,1
puzzler,1
pokota,1
pokopoko,1
notes,1
seekers,1
alive,1
hard,1
matters,1
miami,1
prime,1
ingress,1
warlord,1
bobs,1
lonewolf,1
need,1
fill,1
toys,1
relaxation,1
antistress,1
collectible,1
throwdown,1
animation,1
beggar,1
fix,1
designer,1
export,1
skins,1
nation,1
arashi,1
pipe,1
levels,1
diggys,1
cyber,1
swarm,1
crab,1
fury,1
f,1
dirt,1
drifters,1
motogp,1
realmcraft,1
worldcraft,1
ark,1
creepy,1
thriller,1
eyes,1
swordigo,1
rayman,1
uphill,1
classics,1
drifting,1
demolition,1
cargo,1
mountain,1
wheelie,1
dubai,1
xm,1
scoobydoo,1
boomerang,1
kartrider,1
sup,1
riot,1
roads,1
blocky,1
mad,1
bigcityonline,1
madout,1
pilot,1
avakin,1
afk,1
burnout,1
torque,1
wing,1
data,1
loko,1
downhill,1
mmx,1
exp,1
gt,1
chase,1
redline,1
drives,1
derby,1
impact,1
genshin,1
badland,1
kiloblocks,1
hogwarts,1
alps,1
junes,1
society,1
guy,1
growtopia,1
hollywood,1
kardashian,1
hustle,1
rises,1
darkness,1
eternium,1
fired,1
lone,1
apocalypse,1
otome,1
catching,1
international,1
identity,1
exvius,1
white,1
kritika,1
fidget,1
shakes,1
toram,1
moviestarplanet,1
raid,1
kim,1
cosmic,1
crusaders,1
legion,1
kakao,1
roblox,1
mayhem,1
relic,1
croft,1
lara,1
revolt,1
warring,1
light,1
children,1
sultans,1
inotia,1
lifeafter,1
arcane,1
vampires,1
summoners,1
rampage,1
fangtastic,1
avabel,1
sins,1
dark,1
grim,1
turtles,1
surgery,1
operate,1
charge,1
cakes,1
bake,1
scifi,1
camelot,1
zenonia,1
troops,1
deadzone,1
shadowgun,1
bed,1
slap,1
trouble,1
glory,1
blood,1
based,1
turn,1
questland,1
ex,1
turnbased,1
mmoaction,1
role,1
decisionsinteractive,1
celestials,1
hideaway,1
ballerina,1
werewolf,1
wolvesville,1
eternal,1
ragnarok,1
boutique,1
dressup,1
postknight,1
superbrawlrpg,1
rebellion,1
creed,1
assassins,1
voltage,1
boruto,1
naruto,1
noir,1
ladybug,1
miraculous,1
duelist,1
supreme,1
anniversary,1
lineage,1
thrones,1
keeper,1
record,1
nonstop,1
evertale,1
playing,1
diary,1
renovation,1
egg,1
flipper,1
fisher,1
hooked,1
sakura,1
choices,1
original,1
capitalist,1
tribez,1
fallout,1
buildit,1
simcity,1
wheels,1
flippy,1
clouds,1
simulation,1
resort,1
plane,1
fly,1
sport,1
crossing,1
godus,1
europe,1
dismount,1
dreamhouse,1
barbie,1
castaways,1
cafeland,1
clean,1
tasty,1
hi,1
emblem,1
roots,1
grass,1
bud,1
solar,1
interactive,1
linda,1
magical,1
coach,1
nomad,1
ocean,1
raft,1
vol,1
weaphones,1
sheep,1
terrarium,1
tropic,1
landings,1
messenger,1
mystic,1
goat,1
zoocraft,1
doctors,1
rebel,1
bio,1
bitlife,1
woodturning,1
mechanic,1
dismounting,1
public,1
path,1
townsmen,1
god,1
th,1
crisis,1
godzilla,1
vn,1
bombsquad,1
valor,1
battlelands,1
dokkan,1
vice,1
worldbox,1
vr,1
aquarium,1
healing,1
abyssrium,1
osm,1
pooking,1
wcc,1
frag,1
nebulousio,1
bomber,1
anger,1
creative,1
aquaparkio,1
ufc,1
eleven,1
efootball,1
kill,1
constructor,1
bee,1
dragonvale,1
lt,1
laliga,1
leagues,1
props,1
hunters,1
hide,1
sneaky,1
psp,1
ppsspp,1
johnny,1
shores,1
dino,1
mm,1
zzsunset,1
catch,1
ace,1
retro,1
premier,1
skateboard,1
mike,1
sachin,1
knock,1
homerun,1
volleyball,1
puppet,1
companion,1
fifa,1
nba,1
supercard,1
penalty,1
flying,1
kite,1
archero,1
mask,1
tomb,1
brigade,1
respawnables,1
hunt,1
catchers,1
rules,1
assassin,1
tournament,1
superstars,1
baseball,1
skate,1
pba,1
kicks,1
bowl,1
collaboration,1
state,1
streamer,1
viral,1
vlogger,1
system,1
presented,1
newly,1
auctions,1
breed,1
tanks,1
rome,1
grow,1
futsal,1
finish,1
goal,1
dominations,1
legions,1
mans,1
vainglory,1
creeps,1
bloons,1
aa,1
dominion,1
avalon,1
forge,1
mafia,1
auction,1
thieves,1
rift,1
megapolis,1
crusade,1
allies,1
destroyer,1
south,1
random,1
defence,1
future,1
forgotten,1
lapse,1
xv,1
reino,1
del,1
dominio,1
boredom,1
toilet,1
men,1
metal,1
narcos,1
onmyoji,1
total,1
armageddon,1
warlings,1
playground,1
mining,1
deep,1
mode,1
olympus,1
take,1
sector,1
reactor,1
realm,1
tentacle,1
invasion,1
grepolis,1
balur,1
guns,1
kart,1
dday,1
target,1
gang,1
sixguns,1
voracious,1
io,1
stormfall,1
defender,1
railroad,1
reborn,1
march,1
cartel,1
cony,1
wbrown,1
rangers,1
robot,1
steel,1
helicopter,1
answers,1
questions,1
teaser,1
iron,1
conquerors,1
guildas,1
batalha,1
crashy,1
venom,1
divine,1
general,1
jeopardy,1
lontong,1
gunship,1
swamp,1
militia,1
iv,1
wants,1
list,1
quizdom,1
degrees,1
gartic,1
tvsmiles,1
quizzland,1
zone,1
worms,1
emotions,1
hairs,1
pluck,1
movie,1
rather,1
samequizy,1
singleplayer,1
logical,1
trick,1
becomes,1
richman,1
rbx,1
nope,1
cancin,1
adivina,1
knowledge,1
friendship,1
bff,1
garticio,1
brands,1
atriviate,1
logos,1
everyday,1
quizduel,1
answer,1
ads,1
bored,1
iq,1
idiotest,1
moron,1
jesus,1
towards,1
s,1
guessquiz,1
countries,1
primaria,1
cunto,1
capitals,1
paytm,1
via,1
lottery,1
topquiz,1
jose,1
como,1
se,1
msica,1
sei,1
eu,1
maps,1
planet,1
slam,1
biblia,1
cuanto,1
cewek,1
dari,1
cowok,1
keras,1
kode,1
hardest,1
le,1
faux,1
ou,1
vrai,1
alphabet,1
map,1
carryst,1
rico,1
ser,1
group,1
special,1
buddy,1
esports,1
combat,1
agario,1
quer,1
quem,1
mozkovna,1
apptrailers,1
imagzle,1
coats,1
addictive,1
something,1
wordfeud,1
kombat,1
tactical,1
robots,1
banana,1
qun,1
lin,1
picnic,1
wordbrain,1
wordscapes,1
palabra,1
vocabulary,1
wonders,1
cookies,1
mots,1
des,1
kelimelik,1
ruzzle,1
standoff,1
bowmasters,1
gangstar,1
wordie,1
mot,1
images,1
pictoword,1
academy,1
bilder,1
streakwords,1
pintar,1
braindom,1
chums,1
nut,1
scrabble,1
traverse,1
palavra,1
wordox,1
mix,1
pictures,1
themes,1
adda,1
desi,1
jalebi,1
arrived,1
nieli,1
taoists,1
immortal,1
len,1
tien,1
cribbage,1
challenges,1
lg,1
internetsiz,1
absolute,1
peaks,1
tri,1
sowo,1
zgadnij,1
wordalot,1
swipe,1
made,1
streak,1
trek,1
